Locutor,serie
archer,archer
cheryl,archer
conway,archer
lana,archer
slater,archer
madre de stan,south park
krieger,archer
cartman,south park
cyril,archer
stan,south park
randy,south park
butters,south park
abuelo,south park
kyle,south park
malory,archer
guardia,archer
criminal,archer
ray,archer
padre de butters,south park
madre de butters,south park
jugador,south park
sharon,south park
pam,archer
vivian,south park
periodista,south park
animador,south park
empresario,south park
rodger goodell,south park
todos,archer
niño,south park
las dos,na
fotógrafo,south park
anuncio,south park
dependiente de oro,south park
los dos,na
animadoras de denver,south park
médico,south park
sujeto de comprar oro,south park
sujeto de comprar oro 3,south park
profesor,south park
principal,south park
mr. mackey,south park
rondie,archer
árbitro,south park
espectador,archer
eric,south park
kenny,south park
sujeto de comprar oro 4,south park
un niño,south park
cilo,archer
sujeto de comprar oro 2,south park